feature,importance
focus_level,0.4143598877902852
distractions,0.2600548496181323
hours_studied,0.17182317696299976
sleep_hours,0.14324076377757727
subject_Maths,0.00262224192538133
subject_Physics,0.0025826943764420255
subject_DSA,0.0023449322054391267
subject_OOP,0.0015747946644190695
subject_History,0.0013966586793238453
